<ImportExportXml xmlns:xsi="http://www.w3.org/2001/XMLSchema-instance">
  <Entities>
    <Entity>
      <Name LocalizedName="Account" OriginalName="">Account</Name>
      <FormXml>
        <forms type="main">
          <systemform>
            <formid>{8448b78f-8f42-454e-8e2a-f8196b0419af}</formid>
            <IntroducedVersion>5.0.0.0</IntroducedVersion>
            <FormPresentation>1</FormPresentation>
            <FormActivationState>1</FormActivationState>
            <form showImage="true">
              <tabs>
                <tab name="SUMMARY_TAB" id="{3b0b63a9-d379-689a-0ec3-e71eb4c6a841}" IsUserDefined="0" showlabel="true" expanded="true" locklevel="0" ordinalvalue="0">
                  <columns>
                    <column width="33%" id="0">
                      <sections>
                        <section name="ACCOUNT_INFORMATION" showlabel="true" showbar="false" id="{0eb92e6c-bcb8-0d52-a188-d81543ddb7cd}" IsUserDefined="0" layout="varwidth" columns="1" labelwidth="115" celllabelposition="Left" ordinalvalue="0">
                          <rows>
                            <row>
                              <cell id="{3441a91e-47c5-672c-7a20-902d6baa9036}" showlabel="true" ordinalvalue="10004" solutionaction="Modified" />
                            </row>
                            <row>
                              <cell id="{8b98a55e-a345-b20e-d46e-801e79d5c1c1}" showlabel="true" ordinalvalue="10005" solutionaction="Modified" />
                            </row>
                            <row>
                              <cell id="{e6441984-4343-813a-aa7e-e2747ad35390}" showlabel="true" ordinalvalue="10006" solutionaction="Modified" />
                            </row>
                            <row>
                              <cell id="{87DE203E-B03C-44CC-8B06-438202B82553}" ordinalvalue="10007" solutionaction="Modified" />
                            </row>
                            <row>
                              <cell id="{5f38af3a-3307-47dc-b36d-d9a5de525e6e}" showlabel="true" ordinalvalue="10008" solutionaction="Modified" />
                            </row>
                            <row>
                              <cell id="{24be16a9-e3c4-a7bb-37a6-b5c7143460e8}" showlabel="true" locklevel="0" ordinalvalue="10009" solutionaction="Modified" />
                            </row>
                            <row>
                              <cell id="{ad5836b2-96b0-394d-ea36-951d0584b472}" showlabel="true" locklevel="0" ordinalvalue="10010" solutionaction="Modified" />
                            </row>
                            <row>
                              <cell id="{29d4b4ce-d32b-9712-cd57-7038b52d0961}" showlabel="true" locklevel="0" ordinalvalue="10001" solutionaction="Added">
                                <labels>
                                  <label description="" languagecode="1033" />
                                </labels>
                                <control id="accountnumber" classid="{4273EDBD-AC1D-40d3-9FB2-095C621B552D}" datafieldname="accountnumber" disabled="false" />
                              </cell>
                            </row>
                            <row>
                              <cell id="{9ca38879-e610-6716-5a07-634b5aec2447}" showlabel="true" locklevel="0" ordinalvalue="10002" solutionaction="Added">
                                <labels>
                                  <label description="" languagecode="1033" />
                                </labels>
                                <control id="emailaddress1" classid="{ADA2203E-B4CD-49be-9DDF-234642B43B52}" datafieldname="emailaddress1" disabled="false" />
                              </cell>
                            </row>
                            <row>
                              <cell id="{59782911-4d1a-38dc-ce49-7dae620dbc51}" showlabel="true" ordinalvalue="10003" solutionaction="Added">
                                <labels>
                                  <label description="" languagecode="1033" />
                                </labels>
                                <control id="industrycode" classid="{3EF39988-22BB-4f0b-BBBE-64B5A3748AEE}" datafieldname="industrycode" disabled="false" />
                              </cell>
                            </row>
                          </rows>
                        </section>
                        <section name="SUMMARY_TAB_section_7" showlabel="false" showbar="false" locklevel="0" id="{6b01608c-3566-b461-0a2a-a229940a2727}" IsUserDefined="0" layout="varwidth" columns="1" labelwidth="115" celllabelalignment="Left" celllabelposition="Left" ordinalvalue="3" solutionaction="Added">
                          <labels>
                            <label description="Booking Allowed Section" languagecode="1033" />
                          </labels>
                          <rows>
                            <row>
                              <cell id="{66b56e29-9363-e5a4-9190-2ea8a013c576}" showlabel="true" locklevel="0" ordinalvalue="10000">
                                <labels>
                                  <label description="" languagecode="1033" />
                                </labels>
                                <control id="new_bookingallowed" classid="{67FAC785-CD58-4f9f-ABB3-4B7DDC6ED5ED}" datafieldname="new_bookingallowed" disabled="false" />
                              </cell>
                            </row>
                            <row>
                              <cell id="{73ba9748-1904-beb8-e623-e6346a3ed946}" showlabel="true" locklevel="0" ordinalvalue="10001">
                                <labels>
                                  <label description="" languagecode="1033" />
                                </labels>
                                <control id="new_bookingcountry" classid="{3EF39988-22BB-4f0b-BBBE-64B5A3748AEE}" datafieldname="new_bookingcountry" disabled="false" />
                              </cell>
                            </row>
                            <row>
                              <cell id="{1ae9a628-1d47-5b95-80cb-aec29bb1423d}" showlabel="true" locklevel="0" ordinalvalue="10002">
                                <labels>
                                  <label description="" languagecode="1033" />
                                </labels>
                                <control id="new_internationalcustomer" classid="{67FAC785-CD58-4f9f-ABB3-4B7DDC6ED5ED}" datafieldname="new_internationalcustomer" disabled="false" />
                              </cell>
                            </row>
                          </rows>
                        </section>
                      </sections>
                    </column>
                  </columns>
                </tab>
                <tab name="DETAILS_TAB" id="{11a42c72-9ded-ea04-253d-2143e731b795}" IsUserDefined="0" showlabel="true" expanded="true" ordinalvalue="2">
                  <columns>
                    <column width="34%" id="0">
                      <sections>
                        <section name="COMPANY_PROFILE" showlabel="true" showbar="false" id="{ca8587c5-18c0-cac1-7c34-6c639eade090}" IsUserDefined="0" layout="varwidth" columns="1" labelwidth="115" celllabelposition="Left" ordinalvalue="0">
                          <rows>
                            <row>
                              <cell id="{59782911-4d1a-38dc-ce49-7dae620dbc51}" showlabel="true" ordinalvalue="10000" solutionaction="Removed" />
                            </row>
                            <row>
                              <cell id="{930beba3-d531-0808-c403-de95e2ac3e62}" showlabel="true" ordinalvalue="10000" solutionaction="Modified" />
                            </row>
                            <row>
                              <cell id="{1c33ad89-92a1-8433-2378-306259eb57c0}" showlabel="true" ordinalvalue="10001" solutionaction="Modified" />
                            </row>
                            <row>
                              <cell id="{a56cc0cd-350e-2901-599b-761d7736e569}" showlabel="false" userspacer="true" ordinalvalue="10002" solutionaction="Modified" />
                            </row>
                          </rows>
                        </section>
                      </sections>
                    </column>
                  </columns>
                </tab>
              </tabs>
              <header id="{d5a03552-1183-4347-a237-1f894ba449eb}" columns="111" celllabelposition="Top" labelwidth="115">
                <rows>
                  <row>
                    <cell id="{d3e19d4e-b2ae-409f-9b4e-5976527c6c83}" showlabel="true" locklevel="0" visible="false" ordinalvalue="10000" solutionaction="Modified">
                      <control id="header_revenue" classid="{F9A8A302-114E-466A-B582-6771B2AE0D92}" datafieldname="revenue" uniqueid="{edb971b7-bc91-9997-1e27-1b97dde897c7}" disabled="false" solutionaction="Modified" />
                    </cell>
                  </row>
                </rows>
              </header>
              <Navigation>
                <NavBar>
                  <NavBarByRelationshipItem RelationshipName="msdyn_account_msdyn_actualfact_AccountCustomer" Sequence="10002" Area="Info" Id="nav_msdyn_account_msdyn_actualfact_AccountCustomer" Show="false" solutionaction="Removed" />
                  <NavBarByRelationshipItem RelationshipName="msdyn_account_msdyn_actualfact_AccountVendor" Sequence="10003" Area="Info" Id="nav_msdyn_account_msdyn_actualfact_AccountVendor" Show="false" solutionaction="Removed" />
                </NavBar>
              </Navigation>
              <controlDescriptions>
                <controlDescription forControl="{edb971b7-bc91-9997-1e27-1b97dde897c7}" solutionaction="Added">
                  <customControl id="{533B9E00-756B-4312-95A0-DC888637AC78}" formFactor="2">
                    <parameters>
                      <datafieldname>revenue</datafieldname>
                    </parameters>
                  </customControl>
                  <customControl formFactor="0" name="MscrmControls.NumberInput.NumberInputControl">
                    <parameters>
                      <value>revenue</value>
                      <step static="true" type="Currency">12,0000</step>
                    </parameters>
                  </customControl>
                  <customControl formFactor="1" name="MscrmControls.NumberInput.NumberInputControl">
                    <parameters>
                      <value>revenue</value>
                      <step static="true" type="Currency">12,0000</step>
                    </parameters>
                  </customControl>
                </controlDescription>
              </controlDescriptions>
            </form>
            <LocalizedNames>
              <LocalizedName description="Account" languagecode="1033" />
            </LocalizedNames>
            <Descriptions>
              <Description description="Updated default Account form." languagecode="1033" />
            </Descriptions>
          </systemform>
        </forms>
      </FormXml>
      <SavedQueries>
        <savedqueries>
          <savedquery>
            <isquickfindquery>0</isquickfindquery>
            <isprivate>0</isprivate>
            <isdefault>1</isdefault>
            <savedqueryid>{a9af0ab8-861d-4cfa-92a5-c6281fed7fab}</savedqueryid>
            <queryapi></queryapi>
            <layoutxml>
              <grid name="resultset" jump="name" select="1" preview="0" icon="1">
                <row name="result" id="accountid">
                  <cell name="name" width="300" />
                  <cell name="accountratingcode" width="100" />
                  <cell name="emailaddress1" width="200" />
                  <cell name="telephone1" width="100" />
                  <cell name="accountnumber" width="100" />
                  <cell name="primarycontactid" width="150" />
                  <cell name="address1_city" width="100" />
                  <cell name="fax" ishidden="1" width="100" />
                  <cell name="address1_name" ishidden="1" width="100" />
                  <cell name="address1_fax" ishidden="1" width="100" />
                </row>
              </grid>
            </layoutxml>
            <querytype>64</querytype>
            <fetchxml>
              <fetch version="1.0" mapping="logical">
                <entity name="account">
                  <attribute name="name" />
                  <attribute name="accountnumber" />
                  <attribute name="primarycontactid" />
                  <attribute name="address1_city" />
                  <attribute name="telephone1" />
                  <attribute name="emailaddress1" />
                  <attribute name="accountid" />
                  <attribute name="fax" />
                  <attribute name="address1_name" />
                  <attribute name="address1_fax" />
                  <filter type="and">
                    <condition attribute="statecode" operator="eq" value="0" />
                  </filter>
                  <order attribute="name" descending="false" />
                  <attribute name="accountratingcode" />
                </entity>
              </fetch>
            </fetchxml>
            <IntroducedVersion>5.0.0.0</IntroducedVersion>
            <LocalizedNames>
              <LocalizedName description="Account Lookup View" languagecode="1033" />
            </LocalizedNames>
          </savedquery>
          <savedquery>
            <isquickfindquery>0</isquickfindquery>
            <isprivate>0</isprivate>
            <isdefault>1</isdefault>
            <savedqueryid>{00000000-0000-0000-00aa-000010001001}</savedqueryid>
            <queryapi></queryapi>
            <layoutxml>
              <grid name="resultset" jump="name" select="1" icon="1" preview="1">
                <row name="result" id="accountid">
                  <cell name="name" width="300" />
                  <cell name="telephone1" width="100" />
                  <cell name="address1_city" width="100" />
                  <cell name="primarycontactid" width="150" />
                  <cell name="accountprimarycontactidcontactcontactid.emailaddress1" width="150" disableSorting="1" />
                  <cell name="accountnumber" width="100" />
                </row>
              </grid>
            </layoutxml>
            <querytype>0</querytype>
            <fetchxml>
              <fetch version="1.0" output-format="xml-platform" mapping="logical">
                <entity name="account">
                  <attribute name="name" />
                  <attribute name="address1_city" />
                  <order attribute="name" descending="false" />
                  <filter type="and">
                    <condition attribute="ownerid" operator="eq-userid" />
                    <condition attribute="statecode" operator="eq" value="0" />
                  </filter>
                  <attribute name="primarycontactid" />
                  <attribute name="telephone1" />
                  <link-entity alias="accountprimarycontactidcontactcontactid" name="contact" from="contactid" to="primarycontactid" link-type="outer" visible="false">
                    <attribute name="emailaddress1" />
                  </link-entity>
                  <attribute name="accountnumber" />
                  <attribute name="accountid" />
                </entity>
              </fetch>
            </fetchxml>
            <IntroducedVersion>5.0.0.0</IntroducedVersion>
            <LocalizedNames>
              <LocalizedName description="My Active Accounts" languagecode="1033" />
            </LocalizedNames>
          </savedquery>
        </savedqueries>
      </SavedQueries>
      <RibbonDiffXml>
        <CustomActions />
        <Templates>
          <RibbonTemplates Id="Mscrm.Templates"></RibbonTemplates>
        </Templates>
        <CommandDefinitions />
        <RuleDefinitions>
          <TabDisplayRules />
          <DisplayRules />
          <EnableRules />
        </RuleDefinitions>
        <LocLabels />
      </RibbonDiffXml>
    </Entity>
  </Entities>
  <Roles></Roles>
  <Workflows></Workflows>
  <FieldSecurityProfiles></FieldSecurityProfiles>
  <Templates />
  <EntityMaps />
  <EntityRelationships />
  <OrganizationSettings />
  <optionsets />
  <CustomControls />
  <EntityDataProviders />
  <Languages>
    <Language>1033</Language>
  </Languages>
</ImportExportXml>